{
    "tabelaHash.json": [
        40.694700717926025,
        40.71036338806152,
        41.40959048271179,
        42.50916576385498,
        42.048478841781616
    ],
    "BinarySearchST.json": [
        7.550214052200317,
        7.618586540222168,
        7.571725606918335,
        7.416060447692871,
        7.422108888626099
    ],
    "TabelaEncadeada.json": [
        338.8857111930847,
        332.51568961143494,
        343.24560713768005,
        342.38388681411743,
        342.0588746070862
    ]
}