{
    "tabelaHash.json": [
        3.409385681152344e-05,
        1.2159347534179688e-05,
        9.5367431640625e-06,
        8.106231689453125e-06,
        7.62939453125e-06
    ],
    "BinarySearchST.json": [
        1.3828277587890625e-05,
        9.775161743164062e-06,
        8.58306884765625e-06,
        8.58306884765625e-06,
        8.58306884765625e-06
    ],
    "TabelaEncadeada.json": [
        1.4066696166992188e-05,
        8.821487426757812e-06,
        8.58306884765625e-06,
        8.344650268554688e-06,
        8.106231689453125e-06
    ]
}